model,config,workload,input_mean,output_mean,total_latency_ms,avg_request_latency_ms,request_throughput_req_s,system_output_throughput_tok_s,token_output_speed_tok_s,avg_ttft_ms,avg_tpot_ms,ttft_ms_p50,ttft_ms_p90,ttft_ms_p95,ttft_ms_p99,tpot_ms_p50,tpot_ms_p90,tpot_ms_p95,tpot_ms_p99,gpu_util_peak_pct,gpu_memory_used_peak_mb,gpu_power_peak_w
Qwen2.5-3B,W16A16,short_in_short_out,256,256,25766.32,2576.6,0.3881,108.51,110.1,46.76,9.084,47.63,54.86,54.86,54.86,9.054,9.341,9.341,9.341,99.0,22493.0,377.19
Qwen2.5-3B,W16A16,long_in_short_out,2564,256,29430.97,2943.07,0.3398,95.0,109.91,408.15,9.099,402.61,443.85,443.85,443.85,9.088,9.208,9.208,9.208,100.0,22438.0,386.2
Qwen2.5-3B,W16A16,short_in_long_out,256,2564,247821.99,24782.15,0.0404,110.89,111.05,42.51,9.005,41.54,45.82,45.82,45.82,9.003,9.027,9.027,9.027,99.0,22438.0,388.35
Qwen2.5-3B,W16A16,long_in_long_out,2564,2564,257031.06,25703.06,0.0389,106.92,108.64,415.35,9.205,412.34,450.45,450.45,450.45,9.211,9.245,9.245,9.245,100.0,22438.0,389.34
Qwen2.5-3B,W16A16_INT8KV,short_in_short_out,256,256,25237.95,2523.77,0.3962,110.79,112.33,43.31,8.903,43.86,46.46,46.46,46.46,8.902,8.946,8.946,8.946,99.0,22438.0,389.55
Qwen2.5-3B,W16A16_INT8KV,long_in_short_out,2564,256,30430.31,3043.01,0.3286,91.88,106.04,414.94,9.432,410.83,449.24,449.24,449.24,9.464,9.638,9.638,9.638,100.0,22438.0,389.95
Qwen2.5-3B,W16A16_INT8KV,short_in_long_out,256,2564,249861.98,24986.15,0.04,109.99,110.15,43.14,9.079,42.2,46.42,46.42,46.42,9.083,9.12,9.12,9.12,99.0,22438.0,390.07
Qwen2.5-3B,W16A16_INT8KV,long_in_long_out,2564,2564,273107.39,27310.69,0.0366,100.63,102.16,417.22,9.789,411.8,453.14,453.14,453.14,9.807,9.877,9.877,9.877,100.0,22438.0,389.71
Qwen2.5-3B,W16A16_FP8KV,short_in_short_out,256,256,27910.54,2791.03,0.3583,100.18,101.45,45.07,9.859,45.08,48.48,48.48,48.48,9.816,10.07,10.07,10.07,100.0,22506.0,364.99
Qwen2.5-3B,W16A16_FP8KV,long_in_short_out,2564,256,36401.25,3640.1,0.2747,76.81,86.25,410.21,11.595,405.77,445.15,445.15,445.15,11.571,11.739,11.739,11.739,100.0,22473.0,372.98
Qwen2.5-3B,W16A16_FP8KV,short_in_long_out,256,2564,294056.04,29405.55,0.034,93.46,93.58,45.7,10.686,45.1,50.62,50.62,50.62,10.696,10.759,10.759,10.759,100.0,22472.0,378.49
Qwen2.5-3B,W16A16_FP8KV,long_in_long_out,2564,2564,349372.72,34937.22,0.0286,78.66,79.6,416.4,12.564,414.89,451.41,451.41,451.41,12.575,12.71,12.71,12.71,100.0,22470.0,376.29
Qwen2.5-3B,W8A16,short_in_short_out,256,256,15954.79,1595.46,0.6268,175.25,177.74,27.93,5.626,26.95,31.23,31.23,31.23,5.622,5.666,5.666,5.666,99.0,22172.0,378.66
Qwen2.5-3B,W8A16,long_in_short_out,2564,256,18724.03,1872.38,0.5341,149.33,170.54,238.57,5.864,230.96,262.21,262.21,262.21,5.853,5.982,5.982,5.982,100.0,22172.0,378.14
Qwen2.5-3B,W8A16,short_in_long_out,256,2564,159402.0,15940.15,0.0627,172.41,172.65,28.12,5.792,26.84,31.76,31.76,31.76,5.793,5.811,5.811,5.811,99.0,22172.0,376.7
Qwen2.5-3B,W8A16,long_in_long_out,2564,2564,166251.67,16625.12,0.0601,165.3,167.66,239.0,5.964,230.58,262.48,262.48,262.48,5.967,5.99,5.99,5.99,100.0,22172.0,372.78
Qwen2.5-3B,W8A16_INT8KV,short_in_short_out,256,256,16141.49,1614.13,0.6195,173.22,175.76,28.96,5.69,30.95,36.55,36.55,36.55,5.687,5.73,5.73,5.73,99.0,22172.0,374.39
Qwen2.5-3B,W8A16_INT8KV,long_in_short_out,2564,256,19672.42,1967.22,0.5083,142.13,161.1,237.18,6.209,230.98,260.12,260.12,260.12,6.266,6.305,6.305,6.305,100.0,22172.0,382.59
Qwen2.5-3B,W8A16_INT8KV,short_in_long_out,256,2564,161616.54,16161.6,0.0619,170.04,170.29,28.05,5.872,26.71,31.46,31.46,31.46,5.876,5.89,5.89,5.89,99.0,22172.0,383.8
Qwen2.5-3B,W8A16_INT8KV,long_in_long_out,2564,2564,183017.11,18301.67,0.0546,150.16,152.1,238.26,6.575,231.09,262.2,262.2,262.2,6.586,6.611,6.611,6.611,100.0,22172.0,383.93
Qwen2.5-3B,W8A8_SQ,short_in_short_out,256,256,16822.29,1682.21,0.5944,166.21,167.09,14.64,5.985,14.71,16.18,16.18,16.18,5.983,6.073,6.073,6.073,99.0,22164.0,350.47
Qwen2.5-3B,W8A8_SQ,long_in_short_out,2564,256,18468.6,1846.84,0.5415,151.39,160.66,112.6,6.225,108.06,125.34,125.34,125.34,6.218,6.296,6.296,6.296,99.0,22164.0,349.16
Qwen2.5-3B,W8A8_SQ,short_in_long_out,256,2564,168596.38,16859.59,0.0593,163.0,163.09,14.66,6.132,14.96,16.19,16.19,16.19,6.131,6.154,6.154,6.154,99.0,22164.0,353.79
Qwen2.5-3B,W8A8_SQ,long_in_long_out,2564,2564,174712.11,17471.17,0.0572,157.3,158.29,114.94,6.318,120.75,126.65,126.65,126.65,6.321,6.352,6.352,6.352,99.0,22164.0,347.48
Qwen2.5-3B,W8A8_SQ_INT8KV,short_in_short_out,256,256,16972.79,1697.26,0.5892,164.73,165.71,16.04,6.035,15.57,29.98,29.98,29.98,6.032,6.06,6.06,6.06,99.0,22164.0,346.22
Qwen2.5-3B,W8A8_SQ_INT8KV,long_in_short_out,2564,256,19411.16,1941.09,0.5152,144.04,152.51,113.74,6.558,117.77,126.66,126.66,126.66,6.611,6.675,6.675,6.675,99.0,22164.0,360.18
Qwen2.5-3B,W8A8_SQ_INT8KV,short_in_long_out,256,2564,170677.77,17067.73,0.0586,161.02,161.11,15.07,6.207,15.53,19.8,19.8,19.8,6.209,6.242,6.242,6.242,99.0,22164.0,360.12
Qwen2.5-3B,W8A8_SQ_INT8KV,long_in_long_out,2564,2564,191335.55,19133.51,0.0523,143.63,144.44,111.86,6.923,107.4,124.53,124.53,124.53,6.935,6.984,6.984,6.984,99.0,22164.0,364.31
Qwen2.5-3B,W4A16,short_in_short_out,256,256,11628.97,1162.88,0.8599,240.43,245.2,26.6,4.078,25.38,29.73,29.73,29.73,4.085,4.099,4.099,4.099,99.0,22040.0,358.18
Qwen2.5-3B,W4A16,long_in_short_out,2564,256,14374.67,1437.45,0.6957,194.51,231.63,234.69,4.317,231.13,254.03,254.03,254.03,4.321,4.328,4.328,4.328,100.0,22040.0,360.11
Qwen2.5-3B,W4A16,short_in_long_out,256,2564,116602.54,11660.22,0.0858,235.69,236.15,26.74,4.235,26.61,29.61,29.61,29.61,4.235,4.238,4.238,4.238,99.0,22040.0,359.45
Qwen2.5-3B,W4A16,long_in_long_out,2564,2564,123721.83,12372.15,0.0808,222.13,226.36,234.96,4.418,231.79,253.96,253.96,253.96,4.417,4.437,4.437,4.437,100.0,22040.0,360.16
Qwen2.5-3B,W4A16_INT8KV,short_in_short_out,256,256,11781.91,1178.17,0.8488,237.31,241.79,25.92,4.136,25.75,28.11,28.11,28.11,4.138,4.143,4.143,4.143,99.0,22040.0,351.24
Qwen2.5-3B,W4A16_INT8KV,long_in_short_out,2564,256,15272.72,1527.25,0.6548,183.07,215.57,234.04,4.641,230.88,252.55,252.55,252.55,4.685,4.73,4.73,4.73,100.0,22040.0,373.54
Qwen2.5-3B,W4A16_INT8KV,short_in_long_out,256,2564,118863.08,11886.27,0.0841,231.21,231.66,26.09,4.317,25.77,28.22,28.22,28.22,4.323,4.33,4.33,4.33,99.0,22040.0,369.79
Qwen2.5-3B,W4A16_INT8KV,long_in_long_out,2564,2564,140109.19,14010.88,0.0714,196.15,199.46,235.78,5.014,233.16,253.99,253.99,253.99,5.017,5.062,5.062,5.062,100.0,22040.0,370.28
Qwen2.5-3B,W4A16_AWQ,short_in_short_out,256,256,12213.83,1221.36,0.8187,228.92,233.4,27.78,4.285,29.03,29.88,29.88,29.88,4.299,4.355,4.355,4.355,99.0,22048.0,358.49
Qwen2.5-3B,W4A16_AWQ,long_in_short_out,2564,256,15116.07,1511.59,0.6615,184.97,219.91,244.09,4.549,240.55,268.44,268.44,268.44,4.553,4.782,4.782,4.782,100.0,22048.0,360.22
Qwen2.5-3B,W4A16_AWQ,short_in_long_out,256,2564,121354.61,12135.42,0.0824,226.46,226.9,27.76,4.407,28.94,29.99,29.99,29.99,4.398,4.482,4.482,4.482,99.0,22048.0,364.2
Qwen2.5-3B,W4A16_AWQ,long_in_long_out,2564,2564,128455.73,12845.52,0.0778,213.94,218.03,244.31,4.587,240.63,268.5,268.5,268.5,4.585,4.644,4.644,4.644,100.0,22048.0,360.0
Qwen2.5-3B,W4A16_AWQ_FP8KV,short_in_short_out,256,256,14566.69,1456.64,0.6865,191.94,195.21,29.66,5.125,30.82,31.85,31.85,31.85,5.083,5.382,5.382,5.382,99.0,22085.0,323.03
Qwen2.5-3B,W4A16_AWQ_FP8KV,long_in_short_out,2564,256,21669.54,2166.93,0.4615,129.03,145.3,249.26,6.883,246.83,268.55,268.55,268.55,6.877,6.968,6.968,6.968,100.0,22084.0,336.09
Qwen2.5-3B,W4A16_AWQ_FP8KV,short_in_long_out,256,2564,163123.91,16312.34,0.0613,168.47,168.73,29.62,5.927,29.96,32.19,32.19,32.19,5.917,6.004,6.004,6.004,99.0,22083.0,341.96
Qwen2.5-3B,W4A16_AWQ_FP8KV,long_in_long_out,2564,2564,216475.51,21647.5,0.0462,126.95,128.45,251.81,7.787,248.59,274.17,274.17,274.17,7.798,7.924,7.924,7.924,100.0,22084.0,338.16
Qwen2.5-7B,W16A16,short_in_short_out,256,256,50847.41,5084.72,0.1967,54.99,55.73,85.33,17.944,81.91,94.26,94.26,94.26,17.946,17.975,17.975,17.975,100.0,23326.0,389.87
Qwen2.5-7B,W16A16,long_in_short_out,2564,256,59023.86,5902.37,0.1694,47.37,54.88,826.03,18.22,819.98,898.75,898.75,898.75,18.229,18.245,18.245,18.245,100.0,23324.0,389.78
Qwen2.5-7B,W16A16,short_in_long_out,256,2564,500271.48,50027.1,0.02,54.93,55.01,86.24,18.178,82.52,95.0,95.0,95.0,18.189,18.212,18.212,18.212,100.0,23326.0,390.25
Qwen2.5-7B,W16A16,long_in_long_out,2564,2564,514754.96,51475.45,0.0194,53.39,54.25,837.47,18.432,832.53,911.19,911.19,911.19,18.446,18.47,18.47,18.47,100.0,23324.0,389.97
Qwen2.5-7B,W16A16_INT8KV,short_in_short_out,256,256,50792.3,5079.21,0.1969,55.05,55.93,97.83,17.88,95.04,106.04,106.04,106.04,17.877,17.911,17.911,17.911,100.0,23326.0,390.53
Qwen2.5-7B,W16A16_INT8KV,long_in_short_out,2564,256,62405.91,6240.57,0.1602,44.8,53.42,1024.84,18.721,1012.08,1108.6,1108.6,1108.6,18.721,18.762,18.762,18.762,100.0,23326.0,390.76
Qwen2.5-7B,W16A16_INT8KV,short_in_long_out,256,2564,505699.77,50569.94,0.0198,54.34,54.43,98.09,18.372,95.6,106.42,106.42,106.42,18.375,18.404,18.404,18.404,100.0,23326.0,389.92
Qwen2.5-7B,W16A16_INT8KV,long_in_long_out,2564,2564,533625.49,53362.51,0.0187,51.5,52.49,1025.43,19.05,1016.94,1111.78,1111.78,1111.78,19.044,19.127,19.127,19.127,100.0,23326.0,390.12
Qwen2.5-7B,W16A16_FP8KV,short_in_short_out,256,256,53431.11,5343.08,0.1872,52.33,53.03,89.07,18.858,86.36,97.15,97.15,97.15,18.865,18.985,18.985,18.985,100.0,23357.0,389.65
Qwen2.5-7B,W16A16_FP8KV,long_in_short_out,2564,256,68609.69,6860.94,0.1458,40.75,46.25,836.43,21.623,829.8,908.82,908.82,908.82,21.585,21.82,21.82,21.82,100.0,23357.0,389.93
Qwen2.5-7B,W16A16_FP8KV,short_in_long_out,256,2564,562127.91,56212.74,0.0178,48.89,48.96,89.94,20.427,86.52,98.87,98.87,98.87,20.461,20.497,20.497,20.497,100.0,23357.0,390.11
Qwen2.5-7B,W16A16_FP8KV,long_in_long_out,2564,2564,638892.86,63889.24,0.0157,43.02,43.58,841.97,22.947,834.28,916.9,916.9,916.9,22.913,23.236,23.236,23.236,100.0,23357.0,389.98
Qwen2.5-7B,W8A16,short_in_short_out,256,256,29080.11,2907.99,0.3439,96.15,97.83,60.2,10.221,65.46,69.4,69.4,69.4,10.222,10.238,10.238,10.238,100.0,22720.0,391.24
Qwen2.5-7B,W8A16,long_in_short_out,2564,256,34328.44,3432.82,0.2913,81.45,95.69,521.34,10.45,521.7,560.23,560.23,560.23,10.45,10.462,10.462,10.462,100.0,22720.0,389.36
Qwen2.5-7B,W8A16,short_in_long_out,256,2564,285521.48,28552.11,0.035,96.25,96.42,58.63,10.372,54.27,65.87,65.87,65.87,10.372,10.381,10.381,10.381,100.0,22720.0,390.12
Qwen2.5-7B,W8A16,long_in_long_out,2564,2564,295526.13,29552.57,0.0338,92.99,94.63,521.79,10.567,512.22,563.73,563.73,563.73,10.566,10.59,10.59,10.59,100.0,22720.0,389.58
Qwen2.5-7B,W8A16_INT8KV,short_in_short_out,256,256,29159.43,2915.92,0.3429,95.89,97.5,58.6,10.256,54.17,65.99,65.99,65.99,10.256,10.272,10.272,10.272,100.0,22718.0,389.24
Qwen2.5-7B,W8A16_INT8KV,long_in_short_out,2564,256,36104.66,3610.45,0.277,77.44,90.19,521.51,11.087,511.21,566.44,566.44,566.44,11.095,11.107,11.107,11.107,100.0,22718.0,389.67
Qwen2.5-7B,W8A16_INT8KV,short_in_long_out,256,2564,295725.18,29572.48,0.0338,92.93,93.09,60.34,10.742,65.71,69.3,69.3,69.3,10.749,10.761,10.761,10.761,100.0,22718.0,391.19
Qwen2.5-7B,W8A16_INT8KV,long_in_long_out,2564,2564,318811.83,31881.14,0.0314,86.2,87.61,522.81,11.414,511.15,566.23,566.23,566.23,11.412,11.467,11.467,11.467,100.0,22718.0,390.28
Qwen2.5-7B,W8A8_SQ,short_in_short_out,256,256,29371.28,2937.11,0.3405,95.2,95.7,25.94,10.449,22.86,31.78,31.78,31.78,10.448,10.468,10.468,10.468,99.0,22730.0,387.9
Qwen2.5-7B,W8A8_SQ,long_in_short_out,2564,256,31827.14,3182.69,0.3142,87.85,93.65,207.7,10.678,205.96,222.14,222.14,222.14,10.68,10.692,10.692,10.692,100.0,22728.0,390.02
Qwen2.5-7B,W8A8_SQ,short_in_long_out,256,2564,290950.95,29095.05,0.0344,94.46,94.51,26.01,10.581,22.85,32.28,32.28,32.28,10.584,10.589,10.589,10.589,100.0,22730.0,388.17
Qwen2.5-7B,W8A8_SQ,long_in_long_out,2564,2564,298434.78,29843.44,0.0335,92.09,92.7,208.43,10.787,207.84,221.86,221.86,221.86,10.788,10.806,10.806,10.806,100.0,22728.0,390.44
Qwen2.5-7B,W8A8_SQ_INT8KV,short_in_short_out,256,256,29480.63,2948.04,0.3392,94.84,95.34,25.89,10.489,22.83,31.59,31.59,31.59,10.49,10.504,10.504,10.504,100.0,22730.0,387.91
Qwen2.5-7B,W8A8_SQ_INT8KV,long_in_short_out,2564,256,33555.36,3355.52,0.298,83.32,88.4,203.92,11.312,202.97,217.05,217.05,217.05,11.316,11.325,11.325,11.325,100.0,22730.0,387.48
Qwen2.5-7B,W8A8_SQ_INT8KV,short_in_long_out,256,2564,301607.61,30160.72,0.0332,91.12,91.17,25.95,10.969,22.68,31.77,31.77,31.77,10.974,10.981,10.981,10.981,100.0,22730.0,389.08
Qwen2.5-7B,W8A8_SQ_INT8KV,long_in_long_out,2564,2564,321589.8,32158.94,0.0311,85.46,85.98,204.81,11.631,202.66,217.25,217.25,217.25,11.635,11.694,11.694,11.694,100.0,22730.0,388.3
Qwen2.5-7B,W4A16,short_in_short_out,256,256,19295.4,1929.52,0.5183,144.9,148.64,55.06,6.728,51.52,60.87,60.87,60.87,6.731,6.756,6.756,6.756,99.0,22408.0,389.38
Qwen2.5-7B,W4A16,long_in_short_out,2564,256,24576.14,2457.59,0.4069,113.77,143.07,510.2,6.99,506.64,555.58,555.58,555.58,6.987,7.02,7.02,7.02,100.0,22408.0,389.43
Qwen2.5-7B,W4A16,short_in_long_out,256,2564,190035.98,19003.56,0.0526,144.61,144.99,54.99,6.897,51.64,60.75,60.75,60.75,6.903,6.909,6.909,6.909,99.0,22408.0,389.89
Qwen2.5-7B,W4A16,long_in_long_out,2564,2564,200473.67,20047.33,0.0499,137.09,140.63,512.07,7.111,507.61,557.25,557.25,557.25,7.111,7.132,7.132,7.132,100.0,22408.0,389.46
Qwen2.5-7B,W4A16_INT8KV,short_in_short_out,256,256,19370.88,1937.07,0.5162,144.34,148.05,55.22,6.755,52.02,60.93,60.93,60.93,6.76,6.78,6.78,6.78,99.0,22408.0,389.56
Qwen2.5-7B,W4A16_INT8KV,long_in_short_out,2564,256,26167.28,2616.71,0.3822,106.85,131.86,503.85,7.584,498.74,549.95,549.95,549.95,7.584,7.603,7.603,7.603,100.0,22408.0,389.09
Qwen2.5-7B,W4A16_INT8KV,short_in_long_out,256,2564,199763.44,19976.3,0.0501,137.57,137.91,55.36,7.251,52.28,61.03,61.03,61.03,7.254,7.268,7.268,7.268,99.0,22408.0,389.47
Qwen2.5-7B,W4A16_INT8KV,long_in_long_out,2564,2564,222585.31,22258.49,0.0449,123.47,126.3,506.04,7.918,501.66,551.51,551.51,551.51,7.911,7.975,7.975,7.975,100.0,22408.0,390.04
Qwen2.5-7B,W4A16_AWQ,short_in_short_out,256,256,20398.58,2039.84,0.4902,137.07,140.58,57.83,7.114,54.66,63.43,63.43,63.43,7.097,7.223,7.223,7.223,99.0,22418.0,389.93
Qwen2.5-7B,W4A16_AWQ,long_in_short_out,2564,256,25890.94,2589.07,0.3862,107.99,135.19,528.13,7.397,521.6,579.25,579.25,579.25,7.388,7.504,7.504,7.504,100.0,22418.0,389.73
Qwen2.5-7B,W4A16_AWQ,short_in_long_out,256,2564,200871.26,20087.09,0.0498,136.81,137.16,57.52,7.291,54.43,63.47,63.47,63.47,7.3,7.324,7.324,7.324,99.0,22418.0,389.9
Qwen2.5-7B,W4A16_AWQ,long_in_long_out,2564,2564,212376.98,21237.66,0.0471,129.4,132.68,530.35,7.537,525.03,581.34,581.34,581.34,7.541,7.593,7.593,7.593,100.0,22418.0,389.62
Qwen2.5-7B,W4A16_AWQ_FP8KV,short_in_short_out,256,256,21501.34,2150.11,0.4651,130.04,133.28,59.51,7.503,58.12,64.9,64.9,64.9,7.52,7.62,7.62,7.62,99.0,22455.0,389.74
Qwen2.5-7B,W4A16_AWQ_FP8KV,long_in_short_out,2564,256,34038.53,3403.83,0.2938,82.14,97.14,535.15,10.296,529.72,585.2,585.2,585.2,10.279,10.444,10.444,10.444,100.0,22456.0,385.5
Qwen2.5-7B,W4A16_AWQ_FP8KV,short_in_long_out,256,2564,250374.29,25037.39,0.0399,109.76,110.01,59.46,9.091,57.44,65.1,65.1,65.1,9.114,9.165,9.165,9.165,100.0,22456.0,389.11
Qwen2.5-7B,W4A16_AWQ_FP8KV,long_in_long_out,2564,2564,324580.58,32458.01,0.0308,84.67,86.1,539.48,11.617,539.13,588.2,588.2,588.2,11.594,11.859,11.859,11.859,100.0,22456.0,382.01
Qwen2.5-14B,W8A16,short_in_short_out,256,256,57556.99,5755.67,0.1737,48.58,49.52,125.05,20.206,134.32,154.77,154.77,154.77,20.098,21.126,21.126,21.126,100.0,23582.0,390.25
Qwen2.5-14B,W8A16,long_in_short_out,2564,256,67744.83,6774.46,0.1476,41.27,48.63,1044.79,20.565,1031.9,1137.18,1137.18,1137.18,20.586,20.678,20.678,20.678,100.0,23443.0,389.73
Qwen2.5-14B,W8A16,short_in_long_out,256,2564,553629.13,55362.87,0.0181,49.64,49.73,116.0,20.11,105.8,133.02,133.02,133.02,20.12,20.137,20.137,20.137,100.0,23443.0,390.08
Qwen2.5-14B,W8A16,long_in_long_out,2564,2564,587303.53,58730.31,0.017,46.79,47.64,1058.18,20.992,1043.51,1153.13,1153.13,1153.13,20.981,21.076,21.076,21.076,100.0,23443.0,389.94
Qwen2.5-14B,W8A16_INT8KV,short_in_short_out,256,256,55551.73,5555.15,0.18,50.33,51.22,116.34,19.522,107.68,131.97,131.97,131.97,19.527,19.547,19.547,19.547,100.0,23441.0,390.38
Qwen2.5-14B,W8A16_INT8KV,long_in_short_out,2564,256,69108.44,6910.82,0.1447,40.46,47.62,1060.31,20.999,1051.3,1151.38,1151.38,1151.38,21.007,21.024,21.024,21.024,100.0,23441.0,389.64
Qwen2.5-14B,W8A16_INT8KV,short_in_long_out,256,2564,561698.58,56169.81,0.0178,48.93,49.01,116.34,20.403,108.19,131.66,131.66,131.66,20.417,20.439,20.439,20.439,100.0,23441.0,390.26
Qwen2.5-14B,W8A16_INT8KV,long_in_long_out,2564,2564,604126.61,60412.62,0.0166,45.49,46.29,1061.99,21.603,1051.49,1156.95,1156.95,1156.95,21.606,21.705,21.705,21.705,100.0,23441.0,389.64
Qwen2.5-14B,W8A8_SQ,short_in_short_out,256,256,55534.36,5553.42,0.1801,50.35,50.65,52.86,19.744,47.13,63.17,63.17,63.17,19.749,19.772,19.772,19.772,100.0,23455.0,385.57
Qwen2.5-14B,W8A8_SQ,long_in_short_out,2564,256,61443.22,6144.3,0.1628,45.51,48.6,411.74,20.576,397.07,447.82,447.82,447.82,20.605,20.671,20.671,20.671,100.0,23455.0,385.14
Qwen2.5-14B,W8A8_SQ,short_in_long_out,256,2564,553412.69,55341.22,0.0181,49.66,49.69,52.88,20.125,47.46,63.48,63.48,63.48,20.127,20.151,20.151,20.151,100.0,23455.0,387.64
Qwen2.5-14B,W8A8_SQ,long_in_long_out,2564,2564,579992.68,57999.23,0.0172,47.38,47.71,412.51,20.961,397.89,448.46,448.46,448.46,20.975,21.031,21.031,21.031,100.0,23455.0,388.14
Qwen2.5-14B,W8A8_SQ_INT8KV,short_in_short_out,256,256,55540.62,5554.04,0.18,50.34,50.64,52.79,19.746,46.87,63.09,63.09,63.09,19.74,19.776,19.776,19.776,100.0,23455.0,385.42
Qwen2.5-14B,W8A8_SQ_INT8KV,long_in_short_out,2564,256,63096.55,6309.63,0.1585,44.31,47.21,407.7,21.184,396.59,446.56,446.56,446.56,21.188,21.207,21.207,21.207,100.0,23455.0,388.81
Qwen2.5-14B,W8A8_SQ_INT8KV,short_in_long_out,256,2564,566114.53,56611.41,0.0177,48.54,48.57,54.16,20.587,47.25,68.41,68.41,68.41,20.587,20.615,20.615,20.615,100.0,23455.0,389.21
Qwen2.5-14B,W8A8_SQ_INT8KV,long_in_long_out,2564,2564,601988.33,60198.79,0.0166,45.65,45.95,408.65,21.763,399.85,445.86,445.86,445.86,21.76,21.865,21.865,21.865,100.0,23455.0,389.57
Qwen2.5-14B,W4A16,short_in_short_out,256,256,33945.52,3394.53,0.2946,82.37,84.83,110.25,11.788,104.92,120.13,120.13,120.13,11.793,11.814,11.814,11.814,100.0,22837.0,389.72
Qwen2.5-14B,W4A16,long_in_short_out,2564,256,45423.01,4542.28,0.2202,61.55,79.36,1031.13,12.602,1025.15,1121.19,1121.19,1121.19,12.616,12.695,12.695,12.695,100.0,22837.0,389.83
Qwen2.5-14B,W4A16,short_in_long_out,256,2564,335183.85,33518.35,0.0298,81.99,82.24,110.49,12.16,105.49,120.57,120.57,120.57,12.171,12.18,12.18,12.18,100.0,22837.0,390.1
Qwen2.5-14B,W4A16,long_in_long_out,2564,2564,367347.64,36734.72,0.0272,74.81,76.95,1031.09,12.996,1021.39,1122.33,1122.33,1122.33,12.992,13.073,13.073,13.073,100.0,22837.0,389.77
Qwen2.5-14B,W4A16_INT8KV,short_in_short_out,256,256,33808.18,3380.8,0.2958,82.7,85.19,110.53,11.739,105.21,120.97,120.97,120.97,11.735,11.799,11.799,11.799,100.0,22835.0,389.83
Qwen2.5-14B,W4A16_INT8KV,long_in_short_out,2564,256,47195.99,4719.58,0.2119,59.24,75.59,1033.89,13.229,1025.72,1122.27,1122.27,1122.27,13.224,13.285,13.285,13.285,100.0,22835.0,389.5
Qwen2.5-14B,W4A16_INT8KV,short_in_long_out,256,2564,347794.98,34779.46,0.0288,79.02,79.24,110.49,12.619,104.85,120.97,120.97,120.97,12.62,12.652,12.652,12.652,100.0,22835.0,390.14
Qwen2.5-14B,W4A16_INT8KV,long_in_long_out,2564,2564,389966.78,38996.64,0.0256,70.47,72.37,1035.4,13.817,1026.29,1124.88,1124.88,1124.88,13.818,13.911,13.911,13.911,100.0,22835.0,389.72
Qwen2.5-14B,W4A16_AWQ,short_in_short_out,256,256,36003.23,3600.3,0.2778,77.66,79.93,114.48,12.512,109.83,124.41,124.41,124.41,12.517,12.67,12.67,12.67,100.0,22853.0,389.7
Qwen2.5-14B,W4A16_AWQ,long_in_short_out,2564,256,48071.5,4807.13,0.208,58.16,74.63,1073.36,13.401,1062.07,1168.18,1168.18,1168.18,13.4,13.56,13.56,13.56,100.0,22853.0,389.69
Qwen2.5-14B,W4A16_AWQ,short_in_long_out,256,2564,355497.42,35549.7,0.0281,77.31,77.53,114.46,12.898,109.69,124.6,124.6,124.6,12.893,12.966,12.966,12.966,100.0,22853.0,390.0
Qwen2.5-14B,W4A16_AWQ,long_in_long_out,2564,2564,388634.67,38863.42,0.0257,70.71,72.7,1075.28,13.755,1062.95,1168.97,1168.97,1168.97,13.76,13.84,13.84,13.84,100.0,22853.0,389.64
Qwen2.5-14B,W4A16_AWQ_FP8KV,short_in_short_out,256,256,39411.17,3941.09,0.2537,70.94,72.88,118.01,13.721,112.76,129.13,129.13,129.13,13.723,13.838,13.838,13.838,100.0,22831.0,388.96
Qwen2.5-14B,W4A16_AWQ_FP8KV,long_in_short_out,2564,256,62855.46,6285.52,0.1591,44.48,53.38,1065.17,18.736,1055.74,1158.34,1158.34,1158.34,18.708,18.968,18.968,18.968,100.0,22829.0,390.22
Qwen2.5-14B,W4A16_AWQ_FP8KV,short_in_long_out,256,2564,456876.28,45687.58,0.0219,60.15,60.3,119.65,16.584,120.37,130.84,130.84,130.84,16.616,16.692,16.692,16.692,100.0,22833.0,389.45
Qwen2.5-14B,W4A16_AWQ_FP8KV,long_in_long_out,2564,2564,589350.44,58934.99,0.017,46.63,47.49,1069.87,21.06,1058.11,1163.1,1163.1,1163.1,21.009,21.508,21.508,21.508,100.0,23010.0,389.61
Mistral-7B-v0.3,W16A16,short_in_short_out,256,256,50315.88,5031.57,0.1987,55.57,56.34,86.83,17.749,84.82,93.14,93.14,93.14,17.749,17.77,17.77,17.77,100.0,23291.0,389.73
Mistral-7B-v0.3,W16A16,long_in_short_out,2564,256,59306.89,5930.67,0.1686,47.14,54.57,825.42,18.324,818.41,896.78,896.78,896.78,18.335,18.385,18.385,18.385,100.0,23291.0,389.88
Mistral-7B-v0.3,W16A16,short_in_long_out,256,2564,496049.76,49604.94,0.0202,55.4,55.48,86.88,18.024,85.23,93.13,93.13,93.13,18.03,18.039,18.039,18.039,100.0,23291.0,390.33
Mistral-7B-v0.3,W16A16,long_in_long_out,2564,2564,517874.4,51787.4,0.0193,53.07,53.91,827.71,18.549,819.8,899.71,899.71,899.71,18.549,18.579,18.579,18.579,100.0,23291.0,389.78
Mistral-7B-v0.3,W16A16_INT8KV,short_in_short_out,256,256,50160.29,5016.01,0.1994,55.74,56.49,84.07,17.702,82.01,89.63,89.63,89.63,17.704,17.72,17.72,17.72,100.0,23289.0,389.42
Mistral-7B-v0.3,W16A16_INT8KV,long_in_short_out,2564,256,59968.01,5996.78,0.1668,46.62,53.57,795.9,18.668,788.6,864.32,864.32,864.32,18.671,18.68,18.68,18.68,100.0,23289.0,389.85
Mistral-7B-v0.3,W16A16_INT8KV,short_in_long_out,256,2564,503006.72,50300.63,0.0199,54.64,54.71,84.53,18.278,82.79,89.69,89.69,89.69,18.282,18.302,18.302,18.302,100.0,23289.0,389.82
Mistral-7B-v0.3,W16A16_INT8KV,long_in_long_out,2564,2564,531167.01,53116.66,0.0188,51.74,52.51,796.11,19.044,789.56,864.43,864.43,864.43,19.04,19.111,19.111,19.111,100.0,23289.0,389.92
Mistral-7B-v0.3,W16A16_FP8KV,short_in_short_out,256,256,52207.83,5220.76,0.1915,53.56,54.28,87.84,18.423,85.99,93.47,93.47,93.47,18.419,18.49,18.49,18.49,100.0,23303.0,390.38
Mistral-7B-v0.3,W16A16_FP8KV,long_in_short_out,2564,256,69466.6,6946.63,0.144,40.25,45.38,807.28,22.035,800.03,876.54,876.54,876.54,22.014,22.193,22.193,22.193,100.0,23303.0,390.06
Mistral-7B-v0.3,W16A16_FP8KV,short_in_long_out,256,2564,564219.5,56421.9,0.0177,48.71,48.77,88.11,20.504,86.34,93.64,93.64,93.64,20.517,20.573,20.573,20.573,100.0,23303.0,390.51
Mistral-7B-v0.3,W16A16_FP8KV,long_in_long_out,2564,2564,659282.49,65928.2,0.0152,41.68,42.2,810.69,23.701,804.32,880.36,880.36,880.36,23.676,24.001,24.001,24.001,100.0,23303.0,390.54
Mistral-7B-v0.3,W8A16,short_in_short_out,256,256,27975.84,2797.56,0.3575,99.94,101.78,60.14,9.825,55.46,67.8,67.8,67.8,9.826,9.844,9.844,9.844,100.0,22599.0,390.81
Mistral-7B-v0.3,W8A16,long_in_short_out,2564,256,34355.12,3435.49,0.2911,81.39,96.89,559.92,10.321,551.43,612.37,612.37,612.37,10.334,10.379,10.379,10.379,100.0,22599.0,389.66
Mistral-7B-v0.3,W8A16,short_in_long_out,256,2564,276943.83,27694.35,0.0361,99.23,99.42,60.32,10.059,55.6,68.09,68.09,68.09,10.062,10.074,10.074,10.074,100.0,22599.0,390.04
Mistral-7B-v0.3,W8A16,long_in_long_out,2564,2564,295509.17,29550.88,0.0338,93.0,94.77,560.83,10.552,556.96,610.87,610.87,610.87,10.553,10.589,10.589,10.589,100.0,22599.0,389.62
Mistral-7B-v0.3,W8A16_INT8KV,short_in_short_out,256,256,27889.29,2788.91,0.3586,100.25,102.1,60.07,9.795,55.23,67.91,67.91,67.91,9.795,9.807,9.807,9.807,99.0,22583.0,390.4
Mistral-7B-v0.3,W8A16_INT8KV,long_in_short_out,2564,256,35571.75,3557.16,0.2811,78.6,93.16,566.44,10.735,560.11,620.01,620.01,620.01,10.736,10.752,10.752,10.752,100.0,22583.0,389.8
Mistral-7B-v0.3,W8A16_INT8KV,short_in_long_out,256,2564,285186.74,28518.63,0.0351,96.36,96.54,60.3,10.359,55.73,68.25,68.25,68.25,10.362,10.373,10.373,10.373,100.0,22583.0,389.83
Mistral-7B-v0.3,W8A16_INT8KV,long_in_long_out,2564,2564,311511.44,31151.1,0.0321,88.22,89.83,568.52,11.132,563.1,620.48,620.48,620.48,11.127,11.2,11.2,11.2,100.0,22583.0,389.75
Mistral-7B-v0.3,W8A8_SQ,short_in_short_out,256,256,28161.69,2816.11,0.3551,99.28,99.93,28.0,10.007,24.99,34.32,34.32,34.32,10.007,10.022,10.022,10.022,100.0,22609.0,376.71
Mistral-7B-v0.3,W8A8_SQ,long_in_short_out,2564,256,31519.15,3151.9,0.3173,88.71,95.09,221.79,10.517,213.4,246.7,246.7,246.7,10.528,10.58,10.58,10.58,100.0,22607.0,375.98
Mistral-7B-v0.3,W8A8_SQ,short_in_long_out,256,2564,281423.82,28142.35,0.0355,97.65,97.72,28.14,10.233,24.85,34.32,34.32,34.32,10.238,10.246,10.246,10.246,100.0,22609.0,377.58
Mistral-7B-v0.3,W8A8_SQ,long_in_long_out,2564,2564,297107.71,29710.73,0.0337,92.5,93.17,223.76,10.733,222.85,245.96,245.96,245.96,10.732,10.772,10.772,10.772,100.0,22607.0,377.51
Mistral-7B-v0.3,W8A8_SQ_INT8KV,short_in_short_out,256,256,28154.84,2815.46,0.3552,99.31,99.96,28.21,10.004,25.21,34.42,34.42,34.42,10.008,10.014,10.014,10.014,99.0,22585.0,382.18
Mistral-7B-v0.3,W8A8_SQ_INT8KV,long_in_short_out,2564,256,32690.17,3269.0,0.3059,85.53,91.4,220.77,10.941,220.93,242.18,242.18,242.18,10.943,10.965,10.965,10.965,100.0,22585.0,381.02
Mistral-7B-v0.3,W8A8_SQ_INT8KV,short_in_long_out,256,2564,290449.66,29044.93,0.0344,94.62,94.68,28.58,10.562,26.76,34.82,34.82,34.82,10.562,10.59,10.59,10.59,100.0,22585.0,382.08
Mistral-7B-v0.3,W8A8_SQ_INT8KV,long_in_long_out,2564,2564,313031.22,31303.09,0.0319,87.79,88.39,222.26,11.313,214.98,246.13,246.13,246.13,11.311,11.377,11.377,11.377,100.0,22585.0,390.36
Mistral-7B-v0.3,W4A16,short_in_short_out,256,256,16674.05,1667.38,0.5997,167.69,173.13,58.11,5.776,54.41,64.67,64.67,64.67,5.778,5.793,5.793,5.793,99.0,22267.0,389.69
Mistral-7B-v0.3,W4A16,long_in_short_out,2564,256,23022.64,2302.24,0.4344,121.45,159.0,549.79,6.29,541.96,600.05,600.05,600.05,6.305,6.356,6.356,6.356,100.0,22267.0,389.57
Mistral-7B-v0.3,W4A16,short_in_long_out,256,2564,165738.41,16573.81,0.0603,165.82,166.35,58.07,6.011,54.25,64.77,64.77,64.77,6.016,6.026,6.026,6.026,99.0,22267.0,391.14
Mistral-7B-v0.3,W4A16,long_in_long_out,2564,2564,184651.69,18465.13,0.0542,148.83,153.36,550.89,6.521,543.49,600.53,600.53,600.53,6.521,6.561,6.561,6.561,100.0,22267.0,389.91
Mistral-7B-v0.3,W4A16_INT8KV,short_in_short_out,256,256,16661.84,1666.16,0.6002,167.81,173.37,59.13,5.768,63.45,68.64,68.64,68.64,5.77,5.781,5.781,5.781,99.0,22275.0,388.95
Mistral-7B-v0.3,W4A16_INT8KV,long_in_short_out,2564,256,24434.0,2443.38,0.4093,114.43,148.89,572.17,6.716,567.49,623.19,623.19,623.19,6.722,6.729,6.729,6.729,100.0,22275.0,390.73
Mistral-7B-v0.3,W4A16_INT8KV,short_in_long_out,256,2564,174723.41,17472.31,0.0572,157.29,157.77,57.95,6.338,54.44,64.63,64.63,64.63,6.345,6.359,6.359,6.359,99.0,22275.0,389.66
Mistral-7B-v0.3,W4A16_INT8KV,long_in_long_out,2564,2564,200880.45,20088.01,0.0498,136.81,140.78,571.97,7.103,565.36,621.75,621.75,621.75,7.1,7.17,7.17,7.17,100.0,22275.0,390.77
Mistral-7B-v0.3,W4A16_AWQ,short_in_short_out,256,256,17556.55,1755.63,0.5696,159.26,164.31,59.96,6.086,56.13,66.41,66.41,66.41,6.084,6.103,6.103,6.103,99.0,22253.0,389.4
Mistral-7B-v0.3,W4A16_AWQ,long_in_short_out,2564,256,24078.11,2407.79,0.4153,116.12,151.45,567.97,6.603,561.43,619.46,619.46,619.46,6.619,6.661,6.661,6.661,100.0,22253.0,389.69
Mistral-7B-v0.3,W4A16_AWQ,short_in_long_out,256,2564,174300.29,17429.99,0.0574,157.67,158.17,60.49,6.322,60.74,66.37,66.37,66.37,6.326,6.334,6.334,6.334,99.0,22253.0,390.1
Mistral-7B-v0.3,W4A16_AWQ,long_in_long_out,2564,2564,193462.56,19346.22,0.0517,142.05,146.32,569.99,6.834,563.79,621.87,621.87,621.87,6.832,6.875,6.875,6.875,100.0,22253.0,390.18
Mistral-7B-v0.3,W4A16_AWQ_FP8KV,short_in_short_out,256,256,19548.87,1954.86,0.5115,143.03,147.32,63.56,6.788,60.54,70.98,70.98,70.98,6.784,6.854,6.854,6.854,99.0,22333.0,389.85
Mistral-7B-v0.3,W4A16_AWQ_FP8KV,long_in_short_out,2564,256,35023.59,3502.33,0.2855,79.83,95.37,579.21,10.489,588.19,626.1,626.1,626.1,10.503,10.819,10.819,10.819,100.0,22499.0,382.76
Mistral-7B-v0.3,W4A16_AWQ_FP8KV,short_in_long_out,256,2564,245434.43,24543.39,0.0407,111.97,112.26,63.59,8.909,62.35,71.36,71.36,71.36,8.904,9.094,9.094,9.094,100.0,22347.0,389.46
Mistral-7B-v0.3,W4A16_AWQ_FP8KV,long_in_long_out,2564,2564,335958.22,33595.77,0.0298,81.8,83.23,572.65,12.018,573.45,624.41,624.41,624.41,12.009,12.321,12.321,12.321,100.0,22339.0,383.37
